videoId;description;thumbnail;genre
JPeZlL4HJfU;Hay semuanya.. Terimaksih sudah menonton video ini, jangan lupa SUBSCRIBE dan klik tombol loncengnya ya.. Agar kalian ...;https://i.ytimg.com/vi/JPeZlL4HJfU/mqdefault.jpg;Kuliner|Tutorial
HcyeaHxtVpg;Video kali ini tentang tips memulai bisnis frozen food. Tidak sedikit orang yang kini menaruh minat untuk membeli frozen food, ...;https://i.ytimg.com/vi/HcyeaHxtVpg/mqdefault.jpg;Kuliner|Tutorial
VMLngvPpuVA;Assalamuallaikum Wr. Wb. Hallo selamat datang di channel AYUKK KULINER. Disini saya akan membagikan resep-resep yang ...,;https://i.ytimg.com/vi/VMLngvPpuVA/mqdefault.jpg;Kuliner|Tutorial|Review
KJrRRbu4aBE;tips memulai bisnis Frozen food 2022.frozen food merupakan bisnis yang sangat menjanjikan keuntungan berlipat lipat ganda ...;https://i.ytimg.com/vi/KJrRRbu4aBE/mqdefault.jpg;Kuliner|Review
reeDm_UdZPY;FROZEN FOOD MODAL KECIL! OWNERNYA MASIH KECIL OMSET 130JUTA PERBULAN ...;https://i.ytimg.com/vi/reeDm_UdZPY/mqdefault.jpg;Kuliner|Review
hTS1UAZD4gA;idejualan #jualanfrozenfood #idejualanfrozenfood Ada banyak jenis produk frozen food, Jika kamu masih belum memiliki ...;https://i.ytimg.com/vi/hTS1UAZD4gA/mqdefault.jpg;Kuliner|Tutorial
pfpOPtTXgq8;FROZEN FOOD atau makanan beku ini selalu banyak di minati orang2 karena dengan simpel untuk dikonsumsi setiap hari dan ...;https://i.ytimg.com/vi/pfpOPtTXgq8/mqdefault.jpg;Kuliner|Tutorial|Review
MEdw7g01kMQ;Assalamualaikum Hay semuanyaaaa apa kabar nih tmn tmn semoga sehat terus yaaa, jasmani dan ruhaninya ?? aamiin ...;https://i.ytimg.com/vi/MEdw7g01kMQ/mqdefault.jpg;Kuliner|Tutorial
pOq36evP80w;;https://i.ytimg.com/vi/pOq36evP80w/mqdefault.jpg;Kuliner|Tutorial
vqiDmDHq4II;agus cuguy tahu putih dibikin kreasi baru kita jadikan ide bisnis frozenfood dengan ketahanan 3- 4 bulan dalam prezer jadi ga ...;https://i.ytimg.com/vi/vqiDmDHq4II/mqdefault.jpg;Kuliner|Tutorial|Review
87kxP91nEy4;Assalamuallaikum Wr. Wb. Hallo selamat datang di channel AYUKK KULINER. Disini saya akan membagikan resep-resep yang ...,;https://i.ytimg.com/vi/87kxP91nEy4/mqdefault.jpg;Kuliner|Tutorial
vKv7Meql1cU;Assalamualaikum, Ikan goreng itu tampak sederhana jika terlihat di piring, Tapi para ibu, tau banget perjuangannya, untuk ...;https://i.ytimg.com/vi/vKv7Meql1cU/mqdefault.jpg;Kuliner|Tutorial
igToZbRIz5w;Assalamuallaikum Wr. Wb. Hallo selamat datang di channel AYUKK KULINER. Disini saya @ayukk Kuliner akan membagikan ...,;https://i.ytimg.com/vi/igToZbRIz5w/mqdefault.jpg;Kuliner|Tutorial|Review
xOJiNBjx8zg;Bisnis yang lagi hits dimasa pandemi frozen food nuget ekonomis dari 1/4 daging ayam jadi 7 pack isi 10 pcs dengan modal ...;https://i.ytimg.com/vi/xOJiNBjx8zg/mqdefault.jpg;Kuliner|Tutorial|Review
Hc4pA3ThzeI;7 OLAHAN KULIT LUMPIA Resep 1 Resep 2 Resep 3 Resep 4 Resep 5 Resep 6 Resep 7 Pilih Kualitas Paling Tinggi Pada 3 ...;https://i.ytimg.com/vi/Hc4pA3ThzeI/mqdefault.jpg;Kuliner|Tutorial|Review
gZCfIZ4RKWU;Piscok ! semua pasti suka cemilan manis berbahan pisang dan coklat ini, kalau biasanya pisang coklat dijual matang kali ini kita ...;https://i.ytimg.com/vi/gZCfIZ4RKWU/mqdefault.jpg;Kuliner|Tutorial
BNWITf41mEo;Assalammualaikum apakabar teman teman semua, dah lama ya ga ketemu, mohon maaf lahir batin semua. Maaf kalau ummi ...;https://i.ytimg.com/vi/BNWITf41mEo/mqdefault.jpg;Kuliner|Tutorial
lyf-jOj9igQ;MODAL 40RB OMSET +370% HANYA BUAT CILOK INSTAN - IDE BISNIS KEKINIAN Bahan bahan BOCI bakso aci frozen / cilok ...;https://i.ytimg.com/vi/lyf-jOj9igQ/mqdefault.jpg;Kuliner|Tutorial|Review
a1M5Pxevk0w;Usaha frozen food sangat menjanjikan, mulai dari daging, sosis, dimsum bahkan makanan tradisional seperti pempek bisa ...;https://i.ytimg.com/vi/a1M5Pxevk0w/mqdefault.jpg;Kuliner|Tutorial
2wMpYHWzyms;Usaha pizza frozen bisa dikerjakan dirumah, bahan-bahan yang digunakan untuk memproduksi pizza frozen sangat sederhana ...;https://i.ytimg.com/vi/2wMpYHWzyms/mqdefault.jpg;Kuliner|Tutorial
fjW15D7qSC0;Berikut bagaimana cara menjadi agen/reseller frozen food ala Jepang, saya akan membahas kalian bisa cari supplier di mana, ...;https://i.ytimg.com/vi/fjW15D7qSC0/mqdefault.jpg;Kuliner|Tutorial
bFlYQMuo2pM;Assalamualaikum.. Hai semuanya, kali ini aku share resep cemilan simple yang bisa dijadikan ide bisnis frozen food. Aku pakai ...,;https://i.ytimg.com/vi/bFlYQMuo2pM/mqdefault.jpg;Kuliner
IvAAvwX_MDw;DETAIL RECIPE 500 GR AYAM FILLET ( KALAU BISA PAHA ) 1 JEMPOL JAHE 3 SIUNG BAWANG PUTIH 3 SDM KECAP ASIN ...;https://i.ytimg.com/vi/IvAAvwX_MDw/mqdefault.jpg;Kuliner|Tutorial
UmTZeU2_CHo;Terus dukung chanel ide bisnis dengan cara subscribe, like, share dan coment, aktifkan juga loncengnya agar tidak ketinggalan ...;https://i.ytimg.com/vi/UmTZeU2_CHo/mqdefault.jpg;Kuliner|Tutorial
#NAME?;IDE BISNIS FROZEN FOOD MODAL DIKIT UNTUNG BANYAK Assalammualaikum teman teman Semoga selalu sehat,panjang ...;https://i.ytimg.com/vi/-fFUze6SWyY/mqdefault.jpg;Kuliner|Tutorial
dS4M6tOw4RE;Ide bisnis frozen food Somie peluang bisnis bagi yang ingin punya usaha mandiri,ini merupakan makanan beku tergolong aneka ...;https://i.ytimg.com/vi/dS4M6tOw4RE/mqdefault.jpg;Kuliner|Tutorial
kAYPxZql0n4;Bahan: 2 buah fillet dada ayam 2 lembar smoke beef 4 lembar keju lembaran 2 sdt mustard garam & lada halus secukupnya ...;https://i.ytimg.com/vi/kAYPxZql0n4/mqdefault.jpg;Kuliner|Tutorial
dBYRegb8gno;bruleebomb #idejualan #bitterballen Haii smua kali ini sy share cara membuat Brulee Bomb yg lagi kekinian ternyata mirip sm ...;https://i.ytimg.com/vi/dBYRegb8gno/mqdefault.jpg;Kuliner|Tutorial
NIwL46nra3g;Terimakasih sudah mampir channel saya Jangan lupa sibscribe supaya tidak ketinggalan info tentang bisnis makanan beku ...;https://i.ytimg.com/vi/NIwL46nra3g/mqdefault.jpg;Kuliner|Tutorial
YmURNuS3A5k;Resep pisang nugget chrispy gampang banget buatnya, pisang nugget chrispy ini bisa kita jadikan sebagai ide bisnis rumahan ...;https://i.ytimg.com/vi/YmURNuS3A5k/mqdefault.jpg;Kuliner|Tutorial
Mwf00IIgkjs;Assalamualaikum temen temen kali ini aku mau bikin nugget pisang crispy,enak dan simple bikin nyaa,bisa jadi ide bisnis jualan ...;https://i.ytimg.com/vi/Mwf00IIgkjs/mqdefault.jpg;Kuliner|Tutorial
3Fmr8-Zh6KY;Resep cara membuat donat beku atau frozen donuts gampang dan berikut cara packingnya. Semoga bisa menjadi ide usaha ...;https://i.ytimg.com/vi/3Fmr8-Zh6KY/mqdefault.jpg;Kuliner|Tutorial
#NAME?;Assalamualaikum Hay Hay Hay semuanyaaaa, IDE bisnis Siomay DIMSUM yg kekinian dateng nihhhh kali ini Dikemas cantik ...;https://i.ytimg.com/vi/-OVSpN2LVI4/mqdefault.jpg;Kuliner|Tutorial|Review
875pyraIHbU;LEBIH ENAK DARI KENTUCKY�?����BISA DI JADIIN IDE BISNIS FROZEN FOOD Assalammualaikum bosquee Semoga selalu ...;https://i.ytimg.com/vi/875pyraIHbU/mqdefault.jpg;Kuliner|Tutorial
VPJrfWMVcxE;Hallo assalamualaikum kembali lagi di channel #ResepBakoelan Semangat hari senin, semoga kita semua selalu diberikan ...;https://i.ytimg.com/vi/VPJrfWMVcxE/mqdefault.jpg;Kuliner|Tutorial
6w7Yiqk8pHE;Selamat datang kembali di chanel Wardi Chandil, hari ini kita bikin FROZEN FOOD,CEMILAN ENAK buat IDE USAHA, IDE ...;https://i.ytimg.com/vi/6w7Yiqk8pHE/mqdefault.jpg;Kuliner|Tutorial|Review
287IFxLae6Q;;https://i.ytimg.com/vi/287IFxLae6Q/mqdefault.jpg;Kuliner|Tutorial|Review
UgILo5Mj-mM;Bahan: 10 buah sayap ayam Bumbu Marinade: 2 sdm garam halus 1/2 sdt lada halus 1/2 sdt chicken powder 1 sdm minyak wijen ...;https://i.ytimg.com/vi/UgILo5Mj-mM/mqdefault.jpg;Kuliner|Tutorial
z9p7CclnZSU;Unique Frozen Risoles isi Smoke Beef dan Mayo bikin lidah bergoyang. Harga 15rb aja dapat 5pc Risoles Smoke Beef Mayo ...;https://i.ytimg.com/vi/z9p7CclnZSU/mqdefault.jpg;Kuliner|Tutorial
jN2rM5FRoPA;IDE BISNIS FROZEN FOOD,CIRENG KATSU,BAKAL LAKU BANGET NIH Assalammualaikum sahabat sahabat sikenyaltheaa ...;https://i.ytimg.com/vi/jN2rM5FRoPA/mqdefault.jpg;Kuliner|Tutorial
hCuV7l0OLrE;Assalamuallaikum Wr. Wb. Hallo selamat datang di channel AYUKK KULINER. Disini saya @ayukk Kuliner akan membagikan ...,;https://i.ytimg.com/vi/hCuV7l0OLrE/mqdefault.jpg;Kuliner|Tutorial|Review
NP9e41vS1h0;Assalammualaikum.. Hai semuaa.. Kali ini Yuk Wid akan memberikan resep dan cara pembuatan jajanan murah meriah yang ...;https://i.ytimg.com/vi/NP9e41vS1h0/mqdefault.jpg;Kuliner|Tutorial|Review
4DM3FDJLNCE;Hallo assalamualaikum semua ! Kembali lagi di channel #ResepBakoelan, ketemu lagi dihari jumat yang penuh berkah ini, ...;https://i.ytimg.com/vi/4DM3FDJLNCE/mqdefault.jpg;Kuliner|Tutorial|Review
Ma6BK_qhgRM;Ide bisnis frozen food. Untuk memulai bisnis dari rumah dengan modal yang tidak terlalu banyak, sekitar 100rb saja insyaAllah ...;https://i.ytimg.com/vi/Ma6BK_qhgRM/mqdefault.jpg;Kuliner|Tutorial
cIQ0N0jys48;Terus dukung chanel IDE BISNIS dengan cara subscribe, like, share, coment dan aktifkan juga loncengnya agar gak ketinggalan ...;https://i.ytimg.com/vi/cIQ0N0jys48/mqdefault.jpg;Kuliner|Tutorial
U3RtwYxpNxw;bahan bahan 1 papan tempe 4 sdm terigu tepung panir penyedap rasa selamat mencoba jangan lupa subscribe terima kasih.;https://i.ytimg.com/vi/U3RtwYxpNxw/mqdefault.jpg;Kuliner|Tutorial
8yFrQFpPgY8;Assalamualaikum wr wb. Alhamdulillah terima kasih kepada teman teman yang selalu mendukung channel kompor kita. Semoga ...;https://i.ytimg.com/vi/8yFrQFpPgY8/mqdefault.jpg;Kuliner|Tutorial|Review
9xtZe7A9W8Y;Assalammualaikum Untuk video hari ini ummi akan bahas tentang jualan frozen food the series lagi. Nah kali ini ummi akan ...;https://i.ytimg.com/vi/9xtZe7A9W8Y/mqdefault.jpg;Kuliner
pEfhEJHMoCY;Assalamualaikum wr.wb hallo bunda kali ini dapur saliha buat ekado ala HokBen,,pastinya enak dan disukai sikecil loh apalgi ...,;https://i.ytimg.com/vi/pEfhEJHMoCY/mqdefault.jpg;Kuliner|Tutorial
2OMwjmnJXZA;Assalamualaikum,,, Welcome back to my channel,,, Kali ini saya akan share resep-resep yang pastinya enak,,, camilan buat si ...;https://i.ytimg.com/vi/2OMwjmnJXZA/mqdefault.jpg;Kuliner|Tutorial
PanBbo2bgSU;Untuk Endorse & Kerjasama Chanel YouTube Ayu Catur: CP Widya 0821 40000 544 (WA ONLY) Note: WA diatas bukan untuk ...;https://i.ytimg.com/vi/PanBbo2bgSU/mqdefault.jpg;Homecare|Ecommerce
LRX28YEEJpc;Untuk Endorse & Kerjasama Chanel YouTube Ayu Catur: CP Widya 0821 40000 544 (WA ONLY) Note: WA diatas bukan untuk ...;https://i.ytimg.com/vi/LRX28YEEJpc/mqdefault.jpg;Homecare|Ecommerce
Quv46YQcKNo;Halooo Assalammualaikum ...Siapa disini yang udah kangen dengan video rekomendasi supplier tangan pertama selanjutnya ...;https://i.ytimg.com/vi/Quv46YQcKNo/mqdefault.jpg;Homecare|Ecommerce
aE1chzrDQd4;Assallamualaikum wr. wb. Salam sejahtera untuk kita semua, Untuk kalian yang masih bingung mencari dimana supplier alat ...;https://i.ytimg.com/vi/aE1chzrDQd4/mqdefault.jpg;Homecare|Ecommerce
Idq-axroHww;Perabotrumahtanggamurah #Supplierperabottanganpertama #Suppliermurah REKOMENDASI SUPPLIER PERABOT RUMAH ...;https://i.ytimg.com/vi/Idq-axroHww/mqdefault.jpg;Homecare|Ecommerce
7u9AUfxKg8k;Untuk Keterangan Reseller / Dropshiper bisa No wa 087777370978 / 087785230770 LINK SHOPEE : https://shp.ee/xvigpnm.;https://i.ytimg.com/vi/7u9AUfxKg8k/mqdefault.jpg;Homecare
fds3UELgh-M;Untuk Endorse & Kerjasama Chanel YouTube Ayu Catur: CP Widya 0821 40000 544 (WA ONLY) Note: WA diatas bukan untuk ...;https://i.ytimg.com/vi/fds3UELgh-M/mqdefault.jpg;Homecare|Ecommerce
BwTFx7U-6hI;Rekomendasi Supplier Tangan Pertama Home Decor | Perabotan Rumah Tangga Murah Untuk Dropship Haloo Bakulers ...;https://i.ytimg.com/vi/BwTFx7U-6hI/mqdefault.jpg;Homecare|Ecommerce
d9DVOppPcXM;Hai guys, ga bs bahasa cina, beli di yoybuy ditranslate pake bahasa indonesia/english WWW.1688.COM WWW.YOYBUY.;https://i.ytimg.com/vi/d9DVOppPcXM/mqdefault.jpg;Homecare
4zSbOYT9nns;link dibawah yang bisa dikungjungi untuk mengetahui lebih lanjut tentang kami.. Play Store ...;https://i.ytimg.com/vi/4zSbOYT9nns/mqdefault.jpg;Homecare
sdRqDPRpCTE;https://www.youtube.com/watch?v=aBNBZNgV8wY GENERUS UNGGULAN Kelas III SMP (Kelas 8) ini sudah berani tampil ...;https://i.ytimg.com/vi/sdRqDPRpCTE/mqdefault.jpg;Homecare|Ecommerce
8lc4XdaPQJw;Info suppliyer shopee https://shp.ee/wv2b2xw?smtt=0.0.9 Daftar Data pinter https://datapinter.com?affiliate=mokkosuru Grup Info ...;https://i.ytimg.com/vi/8lc4XdaPQJw/mqdefault.jpg;Homecare|Ecommerce
kYTjrcrqJ6M;Buat yg pengen Gabung jadi dropshiper/reseller di F2C Furniture ini WA CS & linknya ya: website daftar : https://f2cfurniture.com\u200b ...;https://i.ytimg.com/vi/kYTjrcrqJ6M/mqdefault.jpg;Homecare|Ecommerce
Fa1Q_BfUcKg;Silahkan kunjungi toko kami di link berikut, ada beberapa kitab langka, tasbih Kaokah Premium Turki, dan sarung sutra ...;https://i.ytimg.com/vi/Fa1Q_BfUcKg/mqdefault.jpg;Homecare|Ecommerce
TkbxcagJFPA;Untuk Endorse & Kerjasama Chanel YouTube Ayu Catur: CP Widya 0821 40000 544 (WA ONLY) Note: WA diatas bukan untuk ...;https://i.ytimg.com/vi/TkbxcagJFPA/mqdefault.jpg;Homecare|Ecommerce
qrNy6YehL8o;Pusat grosir peralatan rumah tangga/ perabotan yang berada di jakarta barat , lebih dikenal dengan pasar prabot jembatan lima.;https://i.ytimg.com/vi/qrNy6YehL8o/mqdefault.jpg;Homecare
g4k6R7fQGHY;Hai gaes kali ini aku rekomendasikan beberapa toko grosir peralatan rumah tangga impor yang murah banget harga mulai ...;https://i.ytimg.com/vi/g4k6R7fQGHY/mqdefault.jpg;Homecare
JfJVQjHMaKo;PT. INDOTOP BERKAH ABADI Menyediakan berbagai perlengkapan rumah tangga kebutuhan kamu. Kami juga sedang mencari ...;https://i.ytimg.com/vi/JfJVQjHMaKo/mqdefault.jpg;Homecare
ia7159-Dbi0;Bagi kalaian yang mau belanja parabotan bisa langsung ke lokasi, tempat grosir terbesar di kab subang jawa barat, samping ...;https://i.ytimg.com/vi/ia7159-Dbi0/mqdefault.jpg;Homecare
X6I0-GL7E8U;Buat kalian yg ingin membuka usaha berdagang peralatan rumah tangga atau parabot, di Cikarang ada tempat Grosit alat alat ...;https://i.ytimg.com/vi/X6I0-GL7E8U/mqdefault.jpg;Homecare
MVYWEHckWw4;Perabot #PerabotSerbaGoceng #PerabotRumahTangga #PerabotanRumahTangga #PerabotGoceng #PerabotanGoceng ...;https://i.ytimg.com/vi/MVYWEHckWw4/mqdefault.jpg;Homecare
wlpEIG65_Fo;Hi guys video kali ini kita ajak kalian ke Toko Perabotan Ong HouseWare. Di sini perabotannya lengkap banget guys. Kalian juga ...;https://i.ytimg.com/vi/wlpEIG65_Fo/mqdefault.jpg;Homecare|Ecommerce
leKnPibqCBw;Buat teman-teman yang sedang mencari tempat beli perabotan murah di video kita TIDAK DISANGKA DISINI TEMPATNYA ...;https://i.ytimg.com/vi/leKnPibqCBw/mqdefault.jpg;Homecare
GDvUv2pwRK4;Hi guys video kali ini kita ke toko Perabotan Kristal. Perabotan di sini lengkap banget dan harganya juga murah. Semoga ...;https://i.ytimg.com/vi/GDvUv2pwRK4/mqdefault.jpg;Homecare
1_kEhpPuIc4;Join Grup Marketplace Tips Yuk, share materi dan Diskusi�?? https://bit.ly/GrupMarketplaceTips Cek Video Menarik Lainnya ...;https://i.ytimg.com/vi/1_kEhpPuIc4/mqdefault.jpg;Homecare|Ecommerce
GX-14wX7hGU;perabotanrumahtangga#grosirperalatanrumahtangga#perabotanjembatanlima #tokogrosirperabotanjakarta ...;https://i.ytimg.com/vi/GX-14wX7hGU/mqdefault.jpg;Homecare
4GV93ytZMHw;REKOMENDASI 11 TOKO PERALATAN RUMAH TANGGA TERMURAH DI SHOPEE #rekomendasi #tokotermurah #termurah ...;https://i.ytimg.com/vi/4GV93ytZMHw/mqdefault.jpg;Homecare
yEmjvg7NsZ8;Assalammualaikum Wr.Wb.. Salam sejahtera buat sahabat semua. Dalam video ini menayangkan toko perabotan rumah tangga ...;https://i.ytimg.com/vi/yEmjvg7NsZ8/mqdefault.jpg;Homecare
WQTiwfNQWw4;Kami satu satunya suplyer dari surabaya yang menjual alat dapur murah dan termurah bagi distributor, toko, resseler dan ...;https://i.ytimg.com/vi/WQTiwfNQWw4/mqdefault.jpg;Homecare|Ecommerce
167SBeQnWV8;TONTON sampai akhir agar informasinya jelas Berikut LINK yang ada di video : Set Sapu Pembersih Dan Pengki ...;https://i.ytimg.com/vi/167SBeQnWV8/mqdefault.jpg;Homecare|Ecommerce
LOhdcJmZKSs;UD.SIDO MUMBUL toko perabot plastik yang lumayan lengkap dengan harga yang terjangkau Jln. Dupak No. 63 Pertokoan ...;https://i.ytimg.com/vi/LOhdcJmZKSs/mqdefault.jpg;Homecare
e9bYabBFb4k;instagram:https://www.instagram.com/ahpsbanyuwangi/ AH POWER SHOP(AHPS GROSIR) Perum pengatigan, Barat pangklang ...;https://i.ytimg.com/vi/e9bYabBFb4k/mqdefault.jpg;Homecare
QX0HvgQJjow;Created by InShot:https://inshotapp.com/share/youtube.html #PABRIKPLASTIK #PABRIKPERALATANRUMAHTANGGA ...;https://i.ytimg.com/vi/QX0HvgQJjow/mqdefault.jpg;Homecare
LTX7OPKiS4Q;RAMESA GROSIR Menyediakan berbagai perlengkapan rumah tangga kebutuhan kamu. Kami juga sedang mencari yang ingin ...;https://i.ytimg.com/vi/LTX7OPKiS4Q/mqdefault.jpg;Homecare
Jakwm_qFafQ;toko mebel dan elektronik kendal, toko furniture dan elektronik batang, toko eletronik dan furniture kaliwungu, toko elektronik dan ...;https://i.ytimg.com/vi/Jakwm_qFafQ/mqdefault.jpg;Homecare
EdCnJDUkQ4k;BELANJA PERABOTAN RUMAH TANGGA LENGKAP DAN MURAH DI TOKO AGUNG Belanja Perabotan Rumah Tangga ...;https://i.ytimg.com/vi/EdCnJDUkQ4k/mqdefault.jpg;Homecare
CiNLLPr3euA;Horas Eda, semangat pagi! Kemarin aku belanja di salah satu grosiran houseware di daerah Johor kota Medan. Semoga ...;https://i.ytimg.com/vi/CiNLLPr3euA/mqdefault.jpg;Homecare
UDecbQnBZAs;kjperabot #homedecor #perabotmurah SURGA PERABOT TERLENGKAP DI JAKARTA! AUTO BETAH ~ KJ PERABOT Alamat KJ ...;https://i.ytimg.com/vi/UDecbQnBZAs/mqdefault.jpg;Homecare
rq7B1IB7ln4;Disini pusatnnya peralatan dapur yang terbuat dari kaca, porcelin & enamel dengan harga murah meriah langsung dari ...;https://i.ytimg.com/vi/rq7B1IB7ln4/mqdefault.jpg;Homecare
9buUslyyPow;Hai juragan divideo ini gue akan share Rekomendasi Supplier Langsung dari Pabrik 202. video ini adalah kelanjutan dari video ...;https://i.ytimg.com/vi/9buUslyyPow/mqdefault.jpg;Homecare|Ecommerce
lc5Kx3K9-70;Hai gan ini dia 3 rekomendasi supplier tangan pertama untuk dropship. di video ini gue kasih 3 rekomendasi supplier peralatan ...;https://i.ytimg.com/vi/lc5Kx3K9-70/mqdefault.jpg;Homecare|Ecommerce
nQYtnnHyH9Q;Grosir Alat Rumah Tangga Pati, Grosir alat dapur Pati, Grosir perabot Pati, Grosir perlengkapan rumah tangga Pati, Grosir ...;https://i.ytimg.com/vi/nQYtnnHyH9Q/mqdefault.jpg;Homecare
w6VqZrGpXPs;Shopee haul kali ini peralatan rumah tangga, LINK KESET https://shp.ee/tuit7ew SPONS CUCI PIRING https://shp.ee/r8gctgi ...;https://i.ytimg.com/vi/w6VqZrGpXPs/mqdefault.jpg;Homecare
wv7JekD-le0;Assalamualaikum ���         alhamdulillah kali ini saya merekomendasikan perlatan rumah tangga di shopee kali ini foto ...;https://i.ytimg.com/vi/wv7JekD-le0/mqdefault.jpg;Homecare
_SUnFjay2SU;Anda menanggur ? di rumahkan ? di PHK ? enggak ada modal uang buat buka usaha.. kami dari SKDA siap membantu .. joint ...;https://i.ytimg.com/vi/_SUnFjay2SU/mqdefault.jpg;Homecare
bxjwhO9q78k;;https://i.ytimg.com/vi/bxjwhO9q78k/mqdefault.jpg;Homecare
02lpT1UFbtE;Assalamualaikum semua, untuk link nya aku taro dibawah ya, semoga bermanfaat, oh iyaa aku kasih tahu bahwa harga bisa saja ...;https://i.ytimg.com/vi/02lpT1UFbtE/mqdefault.jpg;Homecare|Review
h1VV406GusA;Sedikit Cuplikan ini adalah proses pengiriman Buyer / Customer kami ya Gaesss....;https://i.ytimg.com/vi/h1VV406GusA/mqdefault.jpg;Homecare
7r0ok2Yofbk;adalah tempat untuk kulakan peralatan rumah tangga baik perabot dar bahan plastik, melamin, stanless dll . info pembelian dan ...;https://i.ytimg.com/vi/7r0ok2Yofbk/mqdefault.jpg;Homecare
eQ0PMioUi2k;perabot #perabotmurah #dapur Kalinini aku akan share ke temen-temen semua tempat yg menjual berbagai perabot dapur ...;https://i.ytimg.com/vi/eQ0PMioUi2k/mqdefault.jpg;Homecare|Ecommerce
DX9VyUjDyeI;maskerchina #masker TAG: masker, masker wajah, maskeran ala klinik kecantikan, masker komedo, masker himalaya, masker ...;https://i.ytimg.com/vi/DX9VyUjDyeI/mqdefault.jpg;Healthcare|Review
9xnMP59zvbw;Link untuk daftar Kelas import mastery: https://kelasimportmastery.com/ NO WA ADMIN Kelas import mastery: 081281063632 ...;https://i.ytimg.com/vi/9xnMP59zvbw/mqdefault.jpg;Kuliner|Homecare|Healthcare|Tutorial
xqxjdxDLvsQ;Semoga kalian paham apa yang saya ceritakan berdasarkan pengalaman saya. Apabila ingin memulai bisnis impor dan masih ...;https://i.ytimg.com/vi/xqxjdxDLvsQ/mqdefault.jpg;Kuliner|Homecare|Healthcare|Tutorial
xt0fVDKK6dA;Alibaba adalah salah satu marketplace asal China yang memiliki berbagai macam produk dengan berbagai spesifikasi.;https://i.ytimg.com/vi/xt0fVDKK6dA/mqdefault.jpg;Kuliner|Homecare|Healthcare|Tutorial|Review
lkoN1_YdzGc;Sebagai pemula banyak orang ing membeli barang apa saja dari China. Mereka berpikir bahwa semua barang bisa dibeli ...;https://i.ytimg.com/vi/lkoN1_YdzGc/mqdefault.jpg;Kuliner|Homecare|Healthcare|Tutorial
5tvN5F3NTek;Order 20x15pack = 300pack , yang d terima kurang dari 300 , silahkan di hitung sendiri.;https://i.ytimg.com/vi/5tvN5F3NTek/mqdefault.jpg;Healthcare|Review
rYPN0PSSnkk;Ingin belajar lebih banyak tentang bisnis import, ikuti step dibawah ini: 1. SUBSCRIBE DAN HIDUPIN LONCENGNYA ...;https://i.ytimg.com/vi/rYPN0PSSnkk/mqdefault.jpg;Healthcare|Review
4qoao1SQ8Wo;Hai juragan di video TIPS SEBELUM IMPORT BARANG DARI CHINA ini gue mau sharing pengalaman sebelum import barang ...;https://i.ytimg.com/vi/4qoao1SQ8Wo/mqdefault.jpg;Kuliner|Homecare|Healthcare|Tutorial
rhA8KSyXAgQ;Hallo temen2 buat yang mau bisa import kuy merapat jangan lupa tonton videonya sampe abis ya �?� Buat yang mau daftar ...;https://i.ytimg.com/vi/rhA8KSyXAgQ/mqdefault.jpg;Kuliner|Homecare|Healthcare|Tutorial
7wdIySmQBh8;;https://i.ytimg.com/vi/7wdIySmQBh8/mqdefault.jpg;Healthcare|Review
AV76LUcC8vo;Haloo guys assalamualaikum.. Buat kalian yang mau gabung kelas import mastery klik link dibawah ini yaa ...;https://i.ytimg.com/vi/AV76LUcC8vo/mqdefault.jpg;Kuliner|Homecare|Healthcare|Tutorial
gELNhyJOAdg;Review ala2 y guysss.... Buat yg bingung mau beli masker merk apa... Masker yg w review w beli sendiri bukan endors dan w ...;https://i.ytimg.com/vi/gELNhyJOAdg/mqdefault.jpg;Healthcare|Review
tupkUd58TH0;Watch in HD Aku bikin vidio Cara pake sheet mask yang benar karna pasti masih ada yg salah saat menggunakan masker tissue, ...;https://i.ytimg.com/vi/tupkUd58TH0/mqdefault.jpg;Healthcare|Review
S1xRdz3UOO0;Masker sheet mask murah ini memang sedang di gandrungi karena hasilnya dan harganya, berikut ini manfaat masker rorec yg ...;https://i.ytimg.com/vi/S1xRdz3UOO0/mqdefault.jpg;Healthcare|Review
OPNJcUqlD_8;;https://i.ytimg.com/vi/OPNJcUqlD_8/mqdefault.jpg;Healthcare|Review
2dcmHT4pP4k;Masker import ini bisa kalian dapatkan langsung di Shopee : sf_toko atau instagram nya di : sfcosmeticshop.;https://i.ytimg.com/vi/2dcmHT4pP4k/mqdefault.jpg;Healthcare|Review
y2MAArqlJJI;PRAKTEKNYA SULIT BANGET GA SEGAMPANG YANG DI BILANG MEBTOR DAN IKLAN2 NYA - Peluang Bisnis import cara ...;https://i.ytimg.com/vi/y2MAArqlJJI/mqdefault.jpg;Healthcare|Tutorial
xoSre3mRw-U;Hi teman teman semuanya .. video kli ini au mau unboxing kiriman masker dari teman ku yang ada di wuhan china , setelah dia ...;https://i.ytimg.com/vi/xoSre3mRw-U/mqdefault.jpg;Healthcare|Review
V4FTkSLXr0Y;Kamis kemarin 26 Januari 2021, Bpom dan kepolisian berhasil menciduk pabrik Masker Organik Ilegal. kok bisa? iya bisa karena ...;https://i.ytimg.com/vi/V4FTkSLXr0Y/mqdefault.jpg;Healthcare|Tutorial|Review
gW9_7XRRVRQ;;https://i.ytimg.com/vi/gW9_7XRRVRQ/mqdefault.jpg;Healthcare|Review
EavT9P1y3xk;lagi marak masker di indonesia karena wabah covid-19 , anda jelas tidak mau beli masker yg abal abal kan ? monggo disimak ...;https://i.ytimg.com/vi/EavT9P1y3xk/mqdefault.jpg;Healthcare|Review
hB0h5-3O21c;link pemesanan https://tokopedia.link/GiIqFy56c6.;https://i.ytimg.com/vi/hB0h5-3O21c/mqdefault.jpg;Healthcare|Review
wX1_kygLAQo;IMPORT MASKER - WA +62 8122 031 6492 KONSULTAN EKSPOR IMPOR Go Modern | Go Digital | Go Online | Go Global ...;https://i.ytimg.com/vi/wX1_kygLAQo/mqdefault.jpg;Healthcare|Tutorial
Oh20n4FiSao;;https://i.ytimg.com/vi/Oh20n4FiSao/mqdefault.jpg;Healthcare|Review
wxDve0kLZBM;Panggilan untuk Insinyur Indonesia.;https://i.ytimg.com/vi/wxDve0kLZBM/mqdefault.jpg;Healthcare|Tutorial|Review
omeqI4UwiIk;;https://i.ytimg.com/vi/omeqI4UwiIk/mqdefault.jpg;Healthcare|Review
deHBAkDX4n4;Masa pandemik corona ini, mengharuskan kita untuk beradaptasi dengan lingkungan yang baru (New Normal). Salah satu ...;https://i.ytimg.com/vi/deHBAkDX4n4/mqdefault.jpg;Healthcare|Review
L2C4Wk8Vq8Y;Masker kain bahan import super lembut Shopee : Poetic.shop Tokopedia : iwan studio Bahan sangat nyaman digunakan karna ...;https://i.ytimg.com/vi/L2C4Wk8Vq8Y/mqdefault.jpg;Healthcare|Review
4F1Bz-Jr9ec;selamat datang di channel top produk masker beneran full face nih Produk unik #SHORTS #tiktok #unik #gadgets #china ...;https://i.ytimg.com/vi/4F1Bz-Jr9ec/mqdefault.jpg;Healthcare|Review
ZpSFw1E4tC8;Setiap Upload Wajib Salin & Tempel ini Akun Official Instagram Kita ...;https://i.ytimg.com/vi/ZpSFw1E4tC8/mqdefault.jpg;Healthcare|Review
Vg4TOW7jeeU;Beli ini pas di tawarin temen mantap bahan halus,lembut,ringan bahannyadan talinya kaya masker media ga bikin sakit kuping ...;https://i.ytimg.com/vi/Vg4TOW7jeeU/mqdefault.jpg;Healthcare|Review
N2IFaPFKOho;Haloo semuanya, berikut penampakan masker triplay, untuk pemesanan bisa hubungi kami di wa : 0811756432 atau ...;https://i.ytimg.com/vi/N2IFaPFKOho/mqdefault.jpg;Healthcare|Review
OGNaS6-XP9Y;Kami Forwarder Import bergerak di bidang Expedisi International Freight Forwarders untuk kepengurusan Import & Export kepada ...;https://i.ytimg.com/vi/OGNaS6-XP9Y/mqdefault.jpg;Healthcare|Tutorial
EG1KZKyrvRQ;Punya bisnis kuliner di platform delivery online online tapi sepi? Nah, di episode kali ini saya akan memberikan tips untuk ...;https://i.ytimg.com/vi/EG1KZKyrvRQ/mqdefault.jpg;Kuliner|Tutorial|Ecommerce|Marketing
GTsWNaY6Ni8;Cara memasarkan produk makanan itu gampang-gampang susah karena persaingannya sangat kompetitif dan ketat baik secara ...;https://i.ytimg.com/vi/GTsWNaY6Ni8/mqdefault.jpg;Kuliner|Tutorial|Marketing
wDCsLNwDWEY;Foodizz Class - Marketing Strategi Membuat Brand Kuliner Cepat Terkenal with Stefanie Kurniadi - Founder Upnormal Coffee ...;https://i.ytimg.com/vi/wDCsLNwDWEY/mqdefault.jpg;Kuliner|Tutorial|Marketing
Fp41c0oJnZg;Jualan cemilan dan ga kunjung bisa melebarkan pasar?;https://i.ytimg.com/vi/Fp41c0oJnZg/mqdefault.jpg;Kuliner|Tutorial|Marketing
qth4_pCdz2M;CARA SUKSES 4 LANGKAH JUALAN ONLINE DI MARKETPLACE MASIH BINGUNG CARA NAIKIN TRAFIK & PENJUALAN DI ...;https://i.ytimg.com/vi/qth4_pCdz2M/mqdefault.jpg;Tutorial|Ecommerce|Marketing
v9P8zGJPh9M;UPDATE CARA DAFTAR SHOPEEFOOD TERBARU: https://youtu.be/9bGaf-gO5wQ Berikut cara mendaftarkan bisnis rumahan ...;https://i.ytimg.com/vi/v9P8zGJPh9M/mqdefault.jpg;Kuliner|Tutorial|Ecommerce
_VXgxklmpK4;BisnisBarengKeke Terimakasih sudah menonton! Suara agak sengau karena lg batuk gaes wkwkw. Ohya, tell me some ...;https://i.ytimg.com/vi/_VXgxklmpK4/mqdefault.jpg;Kuliner|Tutorial|Ecommerce|Marketing
1QSZR5GRJkI;Pastinya banyak pelaku usaha kecil menengah atau UKM yang tertarik bagaimana caranya agar produknya bisa dijual di ...;https://i.ytimg.com/vi/1QSZR5GRJkI/mqdefault.jpg;Kuliner|Tutorial|Marketing
MTlBJXkWj8U;Di video ini saya membongkar strategi digital marketing untuk Anda yang memiliki warung/cafe dan ingin warung/cafe ini ramai ...;https://i.ytimg.com/vi/MTlBJXkWj8U/mqdefault.jpg;Kuliner|Tutorial|Ecommerce|Marketing
ucFxqyPS3ZA;halo guys, dikesempatan kali ini, gua leo dan petrik akan membagikan aplikasi apa saja yang bisa kita gunakan untuk foto produk ...;https://i.ytimg.com/vi/ucFxqyPS3ZA/mqdefault.jpg;Tutorial|Review
oZlKWOlKtGY;Warung, bisnis katering rumahan dan gerobak/streetfood juga bisa didaftarkan ke GoFood lho! �?? MAU KERJA SAMPINGAN ...;https://i.ytimg.com/vi/oZlKWOlKtGY/mqdefault.jpg;Kuliner|Tutorial|Ecommerce|Marketing
8HMKQYXc4BE;Untuk Endorse & Kerjasama Chanel YouTube Ayu Catur: CP Widya 0821 40000 544 (WA ONLY) Note: WA diatas bukan untuk ...;https://i.ytimg.com/vi/8HMKQYXc4BE/mqdefault.jpg;Tutorial|Ecommerce
dTusC0GrvZg;Video ini adalah pembuatan website pemesanan makanan menggunakan bootstrap 4 dan PHP yang merupakan bagian dari ...;https://i.ytimg.com/vi/dTusC0GrvZg/mqdefault.jpg;Tutorial|Ecommerce
SENlAnEETdI;Pengalaman membuka toko baru jastip Ikea di Shopee. Tips jualan di Shopee untuk pemula, dari nol sampai omzet jutaan rupiah ...;https://i.ytimg.com/vi/SENlAnEETdI/mqdefault.jpg;Tutorial|Ecommerce
uWekEf7arzI;TERIMA KASIH SUDAH MENONTON ______ Follow Instagram aku = https://www.instagram.com/lovellyaira Tiktok ...;https://i.ytimg.com/vi/uWekEf7arzI/mqdefault.jpg;Tutorial|Ecommerce|Marketing
9U7L_JdwF1E;Pengen sih bisnis online, tapi bingung mau jualan apa? Say no more! Di video ini aku bagiin secara gratis 50 ide produk yang ...;https://i.ytimg.com/vi/9U7L_JdwF1E/mqdefault.jpg;Tutorial|Ecommerce
Hv33RxdbrVs;Ini Caranya Mulai Bisnis Online di Amerika Dari Indonesia | Jual Online Dibayar Dollar | Amazon FBA Panduan Komprehensif ...;https://i.ytimg.com/vi/Hv33RxdbrVs/mqdefault.jpg;Tutorial|Ecommerce|Marketing
fzmzgfnwLz0;Join program 7 Hari Langsung Closing di http://7harilangsungclosing.com Cara ikut giveaway 5 juta untuk 5 orang pemenang 1.;https://i.ytimg.com/vi/fzmzgfnwLz0/mqdefault.jpg;Tutorial|Marketing
99mynr-NWSs;nah, ini yang banyak dicari: TIPS FOTOGRAFI MENGGUNAKAN HP, terutama kalau mau FOTO PRODUK hanya menggunakan ...;https://i.ytimg.com/vi/99mynr-NWSs/mqdefault.jpg;Tutorial
6_abRxE1EEY;IDE BISNIS MODAL KECIL| SEBLAK INSTAN assalamualaikum hari ini saya akan berbagi ide buat bisnis atau jualan yang ...;https://i.ytimg.com/vi/6_abRxE1EEY/mqdefault.jpg;Kuliner|Tutorial
weRuhELlx5o;BTS cara aku bikin iklan video promosi produk iklan pakai HP Cinematic B Roll . simple DIY business inquiry ...;https://i.ytimg.com/vi/weRuhELlx5o/mqdefault.jpg;Tutorial
ORSZmfhVURo;Kelas ketiga dari program NESCAF�? KICKSTART untuk membangun ide bisnismu lebih dalam. Bersama Putera Dwi Karunia ...;https://i.ytimg.com/vi/ORSZmfhVURo/mqdefault.jpg;Tutorial
URtgOTY0Tfs;Hai semuanya :) di video kali ini aku mau sharing ke kalian cara mengedit foto produk olshop kita agar lebih menarik.. Soo buat ...;https://i.ytimg.com/vi/URtgOTY0Tfs/mqdefault.jpg;Tutorial|Ecommerce
Jw4YAjfetmo;Tips bisnis kali ini membahas tentang perbandingan antara Bisnis Franchise dan Bisnis Sendiri, mana yang lebih baik?;https://i.ytimg.com/vi/Jw4YAjfetmo/mqdefault.jpg;Tutorial|Review
P81AKEEhL9U;Video ini saya buat untuk memenuhi tugas kewirausahaan tentang business plan :) . Dosen Pengampu : Yufitri Yanto,M.Pd.Mat .;https://i.ytimg.com/vi/P81AKEEhL9U/mqdefault.jpg;Tutorial
JyEuFGkII-s;Waktu beli barang, sadar enggak kalau yang mempengaruhi kamu bukan logika, tapi emosi. Gara-gara warna, bukan cuma ...;https://i.ytimg.com/vi/JyEuFGkII-s/mqdefault.jpg;Tutorial|Marketing
p83OOF879Fc;Penting!!!! Halo sobat kita lagi adain kursus web desain terbatas untuk 50 orang. Biayanya murah banget cuma 200 ribu rupiah ...;https://i.ytimg.com/vi/p83OOF879Fc/mqdefault.jpg;Kuliner|Tutorial
Om1YQPmyZJI;CoachHendraHilman\u200b\u200b\u200b\u200b\u200b\u200b\u200b #TipsBisnisSukses\u200b\u200b\u200b\u200b\u200b\u200b\u200b #CoachBisnis\u200b\u200b\u200b\u200b\u200b\u200b\u200b #Motivasi\u200b\u200b\u200b\u200b\u200b\u200b\u200b #Sales\u200b ...;https://i.ytimg.com/vi/Om1YQPmyZJI/mqdefault.jpg;Tutorial
8pyt_BYiG8w;Bismillah Assalamualaikum warahmatullahi wabarokatuh Hai hai apa kabar teman-teman? Kali ini A&I channel akan sharing ...;https://i.ytimg.com/vi/8pyt_BYiG8w/mqdefault.jpg;Tutorial|Marketing
Ond2HGdrFc4;Tips bisnis kali ini membahas tentang Strategi Digital Marketing 2021. Apa yang perlu diperhatikan di tahun 2021 agar bisnis kita ...;https://i.ytimg.com/vi/Ond2HGdrFc4/mqdefault.jpg;Tutorial|Marketing
76KLF6WCHIc;Assalamualaikum hay hay hay RESEP yg GAGAL TAYANG kemarin nih , aduh bener bener minta maaf dehh aku sama ...;https://i.ytimg.com/vi/76KLF6WCHIc/mqdefault.jpg;Kuliner|Tutorial|Ecommerce
71nOQ8ThTdQ;[Foodizz On Sharing] Membangun Bisnis Makanan Kemasan, apa strateginya? with : Fikri Muhammad - CEO & Founder ...;https://i.ytimg.com/vi/71nOQ8ThTdQ/mqdefault.jpg;Kuliner|Tutorial|Ecommerce|Marketing
9f4fHnQLjJs;CoachHendraHilman\u200b\u200b\u200b\u200b\u200b\u200b\u200b\u200b\u200b\u200b\u200b\u200b\u200b\u200b\u200b\u200b\u200b\u200b\u200b #TipsBisnisSukses\u200b\u200b\u200b\u200b\u200b\u200b\u200b\u200b\u200b\u200b\u200b\u200b\u200b\u200b\u200b\u200b\u200b\u200b\u200b ...;https://i.ytimg.com/vi/9f4fHnQLjJs/mqdefault.jpg;Tutorial|Marketing
#NAME?;Penting!!!! Halo sobat kita lagi adain kursus web desain terbatas untuk 50 orang. Biayanya murah banget cuma 200 ribu rupiah ...;https://i.ytimg.com/vi/-kcbdojs2W4/mqdefault.jpg;Tutorial
irym62G4le4;Ada banyak bentuk bisnis dan usaha, tentu semua memiliki perjalanan yang berbeda. Namun berdasarkan pengalaman tim ...;https://i.ytimg.com/vi/irym62G4le4/mqdefault.jpg;Tutorial
gGAA5gxzRoE;Di video ini saya membicarakan kerangka belajar digital marketing untuk pemula. Ada 3 fase yang Anda perlu pahami yaitu: Build ...;https://i.ytimg.com/vi/gGAA5gxzRoE/mqdefault.jpg;Tutorial|Ecommerce|Marketing
9RTLdG4ZMlA;Ide bisnis tahun 2022 yang menurut gw cocok buat pemula dengan modal kecil. Thanks Selly for sponsoring this video, great app ...;https://i.ytimg.com/vi/9RTLdG4ZMlA/mqdefault.jpg;Tutorial|Marketing
XtBnOUqZEBg;Daftar kelas jualan gratis klik http://5harilangsungprofit.com.;https://i.ytimg.com/vi/XtBnOUqZEBg/mqdefault.jpg;Tutorial|Ecommerce
VprYw6gI3VI;Bisnis kuliner makanan dari Korea Selatan juga cukup menjamur. Maka itu, jika ingin mencoba untuk bisnis makanan luar negeri, ...;https://i.ytimg.com/vi/VprYw6gI3VI/mqdefault.jpg;Kuliner|Tutorial
LkBx_z-0BGM;Peluang Bisnis Snack Bal Balan dengan modal kecil untung yang sangat besar dan resiko yang sangat kecil, semua bisa ...;https://i.ytimg.com/vi/LkBx_z-0BGM/mqdefault.jpg;Kuliner|Tutorial
m3DLVIjuf7E;Video ini merupakan tutorial cara memulai usaha makanan dari nol untuk menjadi pengusaha bakso, jual beli makanan. Part #3.;https://i.ytimg.com/vi/m3DLVIjuf7E/mqdefault.jpg;Kuliner|Tutorial|Marketing
ppi38w63c8I;Jika anda se orang pe business yang hampir setiap harinya berhadapan dengan pelanggan lewat media sosila salah satunya ...;https://i.ytimg.com/vi/ppi38w63c8I/mqdefault.jpg;Tutorial
1Gz81J5zpDY;Aplikasi Rekap Penjualan Toko atau Warung Menggunakan Excel - Part 1 (Review Aplikasi) Sarjayadi Awe - Cek dulu ya ...;https://i.ytimg.com/vi/1Gz81J5zpDY/mqdefault.jpg;Kuliner|Tutorial|Review
Ne94Xauzc1Q;Masih bingung gimana nentuin Profit Penjualan? Masih suka boncos karena salah perhitungan biaya admin? Berapa sih harga ...;https://i.ytimg.com/vi/Ne94Xauzc1Q/mqdefault.jpg;Tutorial|Ecommerce
PpKna7SLgaU;Cara packing barang Online shop rapi aman dan cepet menggunakan kardus bekas Sebagai pemilik toko online, kamu akan ...;https://i.ytimg.com/vi/PpKna7SLgaU/mqdefault.jpg;Tutorial|Ecommerce
dbTKZeLXzNw;Pernah membayangkan bisnis jamu di masa pandemi ini bisa membuat omzet melejit hingga 3 kali lipat? Menarik banget nih ...;https://i.ytimg.com/vi/dbTKZeLXzNw/mqdefault.jpg;Kuliner|Tutorial
V-eZH-cddIg;PerencanaanUsahaModifikasiMakananKhasDaerah.;https://i.ytimg.com/vi/V-eZH-cddIg/mqdefault.jpg;Kuliner|Tutorial
uKw5b3BBLxM;Kali ini aku mau sharing gimana aku buat laporan olshop, cocok buat pemula karna mudah banget untuk di buat. Disini juga aku ...;https://i.ytimg.com/vi/uKw5b3BBLxM/mqdefault.jpg;Tutorial|Ecommerce
0JeyMBOPLqw;Menguasai FIGMA dalam 30 MENIT + Bikin UI Desain Homepage Aplikasi Food Delivery Figma adalah editor grafis vektor dan ...;https://i.ytimg.com/vi/0JeyMBOPLqw/mqdefault.jpg;Kuliner|Tutorial
8g1H3ipDNOs;Note gw bahas sesuatu yang unik dari produk karena gw spot banyak temen gw yang ga berani jual jasanya dengan margin ...;https://i.ytimg.com/vi/8g1H3ipDNOs/mqdefault.jpg;Tutorial
ajcD4Pl7h2w;2 CARA AMPUH MENCARI SUPLIER TANGAN PERTAMA . MAU SUKSES BISNIS ONLINE TANPA PUNYA PRODUK KLIK LINK ...;https://i.ytimg.com/vi/ajcD4Pl7h2w/mqdefault.jpg;Kuliner|Homecare|Healthcare|Tutorial|Ecommerce
K2pv3WpYrgk;Video kali ini tentang cara mencari supplier tangan pertama http://bit.ly/supplierpertama. Bagaimana sih cara mencari supplier ...;https://i.ytimg.com/vi/K2pv3WpYrgk/mqdefault.jpg;Kuliner|Homecare|Healthcare|Tutorial|Ecommerce
A0H7p1YEX8w;Wajib Buat Dropship!! Cara Mencari Supplier Termurah & Resi Otomatis Join Dropshipaja dengan harga promo dari Rp300.000 ...;https://i.ytimg.com/vi/A0H7p1YEX8w/mqdefault.jpg;Kuliner|Homecare|Healthcare|Tutorial|Ecommerce
MQhbJL0VF1I;Salah satu cara untuk menghasilkan uang tambahan adalah dengan berjualan online. Kalau kalian online shop pemula, pasti ...;https://i.ytimg.com/vi/MQhbJL0VF1I/mqdefault.jpg;Kuliner|Homecare|Healthcare|Tutorial|Ecommerce
jpTyxjAcfAo;entrepreneurmudaIndonesia #ekspor #container Konten vlog kali ini tentang tips/cara mencari suplier produk ekspor. Semoga ...;https://i.ytimg.com/vi/jpTyxjAcfAo/mqdefault.jpg;Kuliner|Homecare|Healthcare|Tutorial|Ecommerce
otJyF6k_6jk;caramencarisuplier #bisnismodalkeciluntungbesar #shopee #bisnis #dropshipperpemula #bisnisonline #carajualan ...;https://i.ytimg.com/vi/otJyF6k_6jk/mqdefault.jpg;Kuliner|Homecare|Healthcare|Tutorial|Ecommerce
v4MgkDwr7ko;Tonton sampai selesai dan jangan lupa tonton video dibawah ini supaya kalian lebih paham lagi mengenai cara mencari ...;https://i.ytimg.com/vi/v4MgkDwr7ko/mqdefault.jpg;Kuliner|Homecare|Healthcare|Tutorial|Ecommerce
HltkNOrDQ5w;;https://i.ytimg.com/vi/HltkNOrDQ5w/mqdefault.jpg;Kuliner|Homecare|Healthcare|Tutorial|Ecommerce
mrZ6hldg2tw;Banyak dropshipper yang bingung cara mencari supplier tangan pertama yang benar. Kebanyakan dapat supplier yang diluar ...;https://i.ytimg.com/vi/mrZ6hldg2tw/mqdefault.jpg;Kuliner|Homecare|Healthcare|Tutorial|Ecommerce
gdx1LCX08Oo;shopee #dropshipshopee #shopee2022 #dropship #supplier #supplierdishopee #dropshiperpemula #dropshiper ...;https://i.ytimg.com/vi/gdx1LCX08Oo/mqdefault.jpg;Kuliner|Homecare|Healthcare|Tutorial|Ecommerce
Wic4ydoVTA0;CARA MENCARI SUPPLIER RESI OTOMATIS & COD BUAT DROPSHIPPER . MAU SUKSES BISNIS ONLINE TANPA PUNYA ...;https://i.ytimg.com/vi/Wic4ydoVTA0/mqdefault.jpg;Kuliner|Homecare|Healthcare|Tutorial|Ecommerce
1iFTX5l7KYU;dropshipper #suppliertanganpertama #caramencarisupplier #bisnisonline #shopee #ideusaha #dropship #reseller #carajualan ...;https://i.ytimg.com/vi/1iFTX5l7KYU/mqdefault.jpg;Kuliner|Homecare|Healthcare|Tutorial|Ecommerce
fHwJWISWV_w;Diskon Up To 91% minimal berlangganan 1 tahun https://www.hostinger.co.id/RIONUGRAHAPUTRA (gunakan kode: ...;https://i.ytimg.com/vi/fHwJWISWV_w/mqdefault.jpg;Kuliner|Homecare|Healthcare|Tutorial|Ecommerce
#NAME?;Hai gan di video ini gue mau kasih tau Cara Mudah Mencari Supplier di Tokopedia Yang Menerima Resi Otomatis .cara ...;https://i.ytimg.com/vi/-m2Wd8y_DLA/mqdefault.jpg;Kuliner|Homecare|Healthcare|Tutorial|Ecommerce
x0oiBVQvHPU;Tag cara mencari distributor, cara mencari distributor sembako, cara mencari distributor kosmetik, cara mencari distributor di ...;https://i.ytimg.com/vi/x0oiBVQvHPU/mqdefault.jpg;Kuliner|Homecare|Healthcare|Tutorial|Ecommerce
s5rHE-jN7sY;di video kali ini kita akan bahas CARA MENCARI SUPLIER TANGAN PERTAMA, buat teman2 yang masih bingung alias belum ...;https://i.ytimg.com/vi/s5rHE-jN7sY/mqdefault.jpg;Kuliner|Homecare|Healthcare|Tutorial|Ecommerce
3E3aVhRW9mk;Distributor/depo adalah supplier pertama sebuah produk Video ini adalah PART TERAKHIR pembahasan saya seputar ...;https://i.ytimg.com/vi/3E3aVhRW9mk/mqdefault.jpg;Kuliner|Homecare|Healthcare|Tutorial|Ecommerce
Ql73Zifr6bY;Assalamualaikum di video kali ini saya akan memberikan tutorial cara mencari produk yg laris shopee kemudian di jual kembali ...;https://i.ytimg.com/vi/Ql73Zifr6bY/mqdefault.jpg;Kuliner|Homecare|Healthcare|Tutorial|Ecommerce
ZKbMA9T8bc8;CARA cari SUPPLIER baik ONLINE di Marketplace Ataupun Di OFFLine Toko Grosir Channel ini mengadakan give away Rp.600 ...;https://i.ytimg.com/vi/ZKbMA9T8bc8/mqdefault.jpg;Kuliner|Homecare|Healthcare|Tutorial|Ecommerce
QR6C1kwsJLI;masih coba pakai metode lama untuk cari supplier di shopee? mungkin temen temen harus coba dengan cara yang lebih simple ...;https://i.ytimg.com/vi/QR6C1kwsJLI/mqdefault.jpg;Kuliner|Homecare|Healthcare|Tutorial|Ecommerce
nK7KDuaRyvM;DROPSHIPPER - CARA MENCARI SUPLIER DENGAN RESI OTOMATIS | DROPSHIP MARKETPLACE | BONG AFFAND .;https://i.ytimg.com/vi/nK7KDuaRyvM/mqdefault.jpg;Kuliner|Homecare|Healthcare|Tutorial|Ecommerce
HCiKAXRcyEI;DI Video kali ini aku akan berbagi cara mencari suppilier tangan pertama di shopee bagi dropshipper pakai resi otomatis. ini ...;https://i.ytimg.com/vi/HCiKAXRcyEI/mqdefault.jpg;Kuliner|Homecare|Healthcare|Tutorial|Ecommerce
4cQy-I58940;Halo teman-teman. Di video kali ini aku mau share cara cari suplier di shopee untuk para dropshiper pemula. Background of ...;https://i.ytimg.com/vi/4cQy-I58940/mqdefault.jpg;Kuliner|Homecare|Healthcare|Tutorial|Ecommerce
t17Gxj4BmDI;Ini adalah beberapa toko starseller gue di shopee yaa guys, semoga bisa kalian pelajari. Dan sebagai bukti bahwa apa yang gue ...;https://i.ytimg.com/vi/t17Gxj4BmDI/mqdefault.jpg;Kuliner|Homecare|Healthcare|Tutorial|Ecommerce
bTEr5StQdhg;Cara Cari supplier murah utuk toko baru offline bukan untuk tokopedia shopee bukalapak atau Lazada #supplier #cara #offline.;https://i.ytimg.com/vi/bTEr5StQdhg/mqdefault.jpg;Kuliner|Homecare|Healthcare|Tutorial|Ecommerce
Ix8HHVcdkqc;Sama seperti jika Anda beli barang di Tokopedia, Shopee, Lazada, Bukalapak, Dsb. tentunya Anda melihat badge toko, apakah ...;https://i.ytimg.com/vi/Ix8HHVcdkqc/mqdefault.jpg;Kuliner|Homecare|Healthcare|Tutorial|Ecommerce
qgtD9pmsMlk;Solusi Para Dropship yang ingin mencari supplier untuk jualan di shopee marketpace, ini solusi yang tepat buat teman. cara ...,;https://i.ytimg.com/vi/qgtD9pmsMlk/mqdefault.jpg;Kuliner|Homecare|Healthcare|Tutorial|Ecommerce
EuVI6k5iv9A;penjelasan kali ini mengenai mencari distributor selain di pasar kemana sih selain itu?;https://i.ytimg.com/vi/EuVI6k5iv9A/mqdefault.jpg;Kuliner|Homecare|Healthcare|Tutorial|Ecommerce
fW4BLvO29Rw;Supplier mempunyai peran penting bagi Calon Eksporter. Untuk mendapatkan Supplier. Calon Eksporter harus mempersiapkan ...;https://i.ytimg.com/vi/fW4BLvO29Rw/mqdefault.jpg;Kuliner|Homecare|Healthcare|Tutorial|Ecommerce
Tgk2EzQZwq4;Halo gaiys kita jawab lagi nih yang udah tanya tanya di instagram komunitas bisa ekspor. Komunitas Bisa Ekspor ...;https://i.ytimg.com/vi/Tgk2EzQZwq4/mqdefault.jpg;Kuliner|Homecare|Healthcare|Tutorial|Ecommerce
17bktOPr7xI;DROPSHIPPER/DROPSHIP MARKETPLACE - CARA MENCARI SUPLIER RESI OTOMATI . MAU SUKSES BISNIS ONLINE ...;https://i.ytimg.com/vi/17bktOPr7xI/mqdefault.jpg;Kuliner|Homecare|Healthcare|Tutorial|Ecommerce
VjAANKo-9_k;for business / paid promotions / endors / cooperation and join the SMJK program IG @bangkit_real ...;https://i.ytimg.com/vi/VjAANKo-9_k/mqdefault.jpg;Kuliner|Homecare|Healthcare|Tutorial|Ecommerce
DvJG49Xw5IA;Toko alat listrik pemula agar berhati hati dalam memilih supplier alat listrik, pilih yang bergaransi resmi bukan yang garansi abal ...;https://i.ytimg.com/vi/DvJG49Xw5IA/mqdefault.jpg;Homecare|Tutorial|Ecommerce
Xw5d47Q3BSY;cara mencari supplier tangan pertama maksudnya yg amnah -di aplikasi mokkaya bong affand mengajarkan bagaimna mencari ...;https://i.ytimg.com/vi/Xw5d47Q3BSY/mqdefault.jpg;Kuliner|Homecare|Healthcare|Tutorial|Ecommerce
g-YXU4Hfq6o;Cara Mudah mendapatkan Supplier Tangan Pertama . Hai guys, terima kasih untuk seribu subcribernya yah. merayakan seribu ...;https://i.ytimg.com/vi/g-YXU4Hfq6o/mqdefault.jpg;Kuliner|Homecare|Healthcare|Tutorial|Ecommerce
puAN_LaIA1E;CARA MENCARI SUPLIER DI SHOPEE RESI OTOMATIS TANGAN PERTAMA , Suplier tangan pertama dalam bisnis dropship ...;https://i.ytimg.com/vi/puAN_LaIA1E/mqdefault.jpg;Kuliner|Homecare|Healthcare|Tutorial|Ecommerce
TvVUE8sgK1k;Cara mencari distributor part 1��?��� https://youtu.be/X-DQ2lwpiwc Cara mencari distributor part 2��?��� ...;https://i.ytimg.com/vi/TvVUE8sgK1k/mqdefault.jpg;Homecare|Tutorial|Ecommerce
cV_2pn8pGRI;maaf sahabat semua kalau vidio PERTAMA saya ini jauh dari kata sempurna, niat channel ini hanya berbagi sedikit ilmu ...;https://i.ytimg.com/vi/cV_2pn8pGRI/mqdefault.jpg;Tutorial|Ecommerce
EAAWyw3EgXY;Video kali ini berisi tentang bagaimana caranya mencari suplier terbaru untuk dijadikan dropship. tonton sampai habis dan ...;https://i.ytimg.com/vi/EAAWyw3EgXY/mqdefault.jpg;Kuliner|Homecare|Healthcare|Tutorial|Ecommerce
DtDDK7miPkY;Pada bagian pertama Cara Belanja di Alibaba Lengkap untuk Pemula kita akan belajar bagaimana caranya untuk menemukan ...;https://i.ytimg.com/vi/DtDDK7miPkY/mqdefault.jpg;Kuliner|Homecare|Healthcare|Tutorial|Ecommerce
i6tdmkefqNc;Di Video ini kamu akan belajar langsung praktek Cara Mencari Supplier Tangan Pertama Bagi Dropshipper dan menemukan ...;https://i.ytimg.com/vi/i6tdmkefqNc/mqdefault.jpg;Kuliner|Homecare|Healthcare|Tutorial|Ecommerce
Hv1NR39yWBw;Halo sahabat bisnis, pada video ini akan dibahas bagaimana cara mendapatkan Supplier atau pemasok barang dagangan. ada ...;https://i.ytimg.com/vi/Hv1NR39yWBw/mqdefault.jpg;Homecare|Tutorial|Ecommerce
4jOTg8fvYdQ;Terimakasih sudah mampir channel saya Jangan lupa sibscribe supaya tidak ketinggalan info tentang bisnis makanan beku ...;https://i.ytimg.com/vi/4jOTg8fvYdQ/mqdefault.jpg;Kuliner|Homecare|Healthcare|Tutorial|Ecommerce
Afyxc65KKlQ;Supplier Merupakan kunci kesuksesan kita sebagai dropshiper, mencari dan memilih supplier buka sembarangan tetapi harus ...;https://i.ytimg.com/vi/Afyxc65KKlQ/mqdefault.jpg;Kuliner|Homecare|Healthcare|Tutorial|Ecommerce
082sE1H7HcQ;Hallo juragan di video Cara Dapat Supplier Mau RESI OTOMATIS gue akan kasih tahu cara mencari supplier resi otomatis untuk ...;https://i.ytimg.com/vi/082sE1H7HcQ/mqdefault.jpg;Kuliner|Homecare|Healthcare|Tutorial|Ecommerce
sXD_FXhVp3Y;Kali ini kita akan praktekan cara mencari distributor atau sales dari barang yang kita ingin jual lagi. #Peluangusaha.;https://i.ytimg.com/vi/sXD_FXhVp3Y/mqdefault.jpg;Kuliner|Homecare|Healthcare|Tutorial|Ecommerce
uT39ijO-HAk;for business / paid promotions / endors / cooperation and join the SMJK program IG @bangkit_real ...;https://i.ytimg.com/vi/uT39ijO-HAk/mqdefault.jpg;Kuliner|Homecare|Healthcare|Tutorial|Ecommerce
HY1VQS6HCnM;Register Ginee Tools :https://bit.ly/DaftardenganAyu Ginee Tool adalah platform yang dapat menganalisa produk, membaca ...;https://i.ytimg.com/vi/HY1VQS6HCnM/mqdefault.jpg;Kuliner|Homecare|Healthcare|Tutorial|Ecommerce
YfuLDoPhqNw;tokoplastik #pabrikplastiksurabaya makasih yg udah nonton video ini.;https://i.ytimg.com/vi/YfuLDoPhqNw/mqdefault.jpg;Homecare|Tutorial|Ecommerce
hRrbABG0Tng;bukan cara mencari distributor sembako murah / toko grosir sembako kerap kali dianggap lebih murah dari harga distributornya, ...;https://i.ytimg.com/vi/hRrbABG0Tng/mqdefault.jpg;Homecare|Tutorial|Ecommerce
4dw53DUUvRg;Penyakit dan kehidupan tidak bisa dipisahkan, apa lagi di era kemajuan saat ini. Banyak sekali gaya hidup manusia yang ...;https://i.ytimg.com/vi/4dw53DUUvRg/mqdefault.jpg;Healthcare|Tutorial
bLjF_Y6IjOM;Salam hidup sehat dengan biaya hemat! Kesempatan emas bagi Anda yang sedang mencari bisnis franchise atau waralaba!;https://i.ytimg.com/vi/bLjF_Y6IjOM/mqdefault.jpg;Healthcare
yfobaH77xGE;Vlog keluarga, anak-anak, bisnis, perjalanan, liburan, semua tentang kejadian sehari - hari yang bermanfaat dan meghibur.;https://i.ytimg.com/vi/yfobaH77xGE/mqdefault.jpg;Healthcare|Tutorial
A2Xd7KujFkw;Video ini berisi informasi seputar Ide Bisnis Kesehatan Rumah Sehat Thohiroh yang menjadi Inspirasi Bisnis bagi para pengikut ...;https://i.ytimg.com/vi/A2Xd7KujFkw/mqdefault.jpg;Kuliner|Homecare|Healthcare
6w3U20LOPog;Video kali ini tentang ide bisnis unik yang masih jarang di Indonesia. Membuka usaha sendiri adalah jalan keluar paling logis ...;https://i.ytimg.com/vi/6w3U20LOPog/mqdefault.jpg;Kuliner|Homecare|Healthcare|Tutorial
lC36ULCLD7c;YtCrash - Sederhana tapi Kok Kita Nggak Kepikiran ya?!! Sampai Puntung Rokok pun Bisa Dimanfaatkan 15205-1A ide ...;https://i.ytimg.com/vi/lC36ULCLD7c/mqdefault.jpg;Homecare|Tutorial
soEM1GEG3uY;Tips bisnis kali ini membahas tentang bisnis jasa yang menghasilkan. Apa saja yang perlu diperhatikan? Langsung aja, tonton ...;https://i.ytimg.com/vi/soEM1GEG3uY/mqdefault.jpg;Homecare
mM9tKImCxzU;Bisnis alat terapi kesehatan banyak merk dan model bisnisnya. Salah satu alat terapi kesehatan yang cukup dikenal adalah ...;https://i.ytimg.com/vi/mM9tKImCxzU/mqdefault.jpg;Homecare|Healthcare
1W7XkKb2L5U;Peluang Bisnis Di Bidang Kesehatan Yang Potensial Bidang kesehatan salah satu sektor yang paling krusial dalam kehidupan ...;https://i.ytimg.com/vi/1W7XkKb2L5U/mqdefault.jpg;Healthcare
9NHnPKQyZJY;Review barang barang dagangan.. kali ini kita review jenis2 shampo sachet. pastinya barang2 ini laris poll.;https://i.ytimg.com/vi/9NHnPKQyZJY/mqdefault.jpg;Kuliner|Homecare|Healthcare|Tutorial
V4aqjkXEhmo;Assalamualaikum Beberapa dokter baru lulus perlu menunggu berbagai berkas hingga selanjutnya memiliki SIP dan bisa ...;https://i.ytimg.com/vi/V4aqjkXEhmo/mqdefault.jpg;Healthcare
PanBbo2bgSU;Untuk Endorse & Kerjasama Chanel YouTube Ayu Catur: CP Widya 0821 40000 544 (WA ONLY) Note: WA diatas bukan untuk ...;https://i.ytimg.com/vi/PanBbo2bgSU/mqdefault.jpg;Homecare
cu1kBHNloo8;Pengin buka usaha rentalan / penyewaan, tapi masih bingung apa yang cocok? Mending cek dulu 10 rekomendasi ide usaha ...;https://i.ytimg.com/vi/cu1kBHNloo8/mqdefault.jpg;Homecare|Tutorial
LmRwrh2Uyac;Pantau Terus Video Komunitas YES Indobisa Senin, Rabu Dan Jumat Semoga Menginspirasi Salam Hebat Luar Biasa ...;https://i.ytimg.com/vi/LmRwrh2Uyac/mqdefault.jpg;Kuliner|Homecare|Healthcare
l8myQkPDCt4;Ingin membuka klinik baru? Ingin membuka praktek mandiri? Segala sesuatunya perlu dipersiapkan, apa saja sih yang ...;https://i.ytimg.com/vi/l8myQkPDCt4/mqdefault.jpg;Healthcare|Tutorial
dHUZoxv1G6A;Peluang usaha yang tidak ada matinya akan sangat menguntungkan secara jangka panjang jika pelakunya berhasil ...;https://i.ytimg.com/vi/dHUZoxv1G6A/mqdefault.jpg;Kuliner|Homecare|Healthcare
e3RYIZAoyYY;Video kali ini tentang 8 ide bisnis kreatif yang jarang ada. Cukup banyak usaha kreatif yang bisa Anda jalankan dan Anda coba.;https://i.ytimg.com/vi/e3RYIZAoyYY/mqdefault.jpg;Kuliner|Homecare|Healthcare
tBHeVw7NcKg;https://www.cnbcindonesia.com/investment/20190123174454-23-52052/prospek-bisnis-di-industri-jaga-kesehatan?utm_source= ...;https://i.ytimg.com/vi/tBHeVw7NcKg/mqdefault.jpg;Healthcare
yEQn7G7YOKo;SAINGAN NYA JARANG !! ide usaha yang potensial di tahun 2022 ~ ide usaha di kampung ~ ide usaha assalamualaikum ...;https://i.ytimg.com/vi/yEQn7G7YOKo/mqdefault.jpg;Kuliner|Homecare|Healthcare
kphqDmsPl84;Gaya hidup sehat yang semakin menjamur di ibu kota menjadi pasar baru untuk produk minuman kesehatan seperti Press Jus.;https://i.ytimg.com/vi/kphqDmsPl84/mqdefault.jpg;Kuliner|Healthcare|Tutorial
6tabts6pxHE;Video kali ini tentang cara membuka memulai usaha toko plastik. Dengan menjual aneka kebutuhan plastik tentu akan memiliki ...;https://i.ytimg.com/vi/6tabts6pxHE/mqdefault.jpg;Homecare|Tutorial
EOf-mlWB76U;CUMA INI ALAT USAHA SNACK - USAHA MODAL KECIL UNTUNG BESAR Silahkan datang dan hubungi kami deSnack Jl.,;https://i.ytimg.com/vi/EOf-mlWB76U/mqdefault.jpg;Kuliner|Tutorial
b5PMF5CIsp8;MANFAAT JAHE KUNYIT LENGKUAS SERAI JERUK NIPIS dr Zaidul Akbar | CARA MEMBUAT RAMUAN CINTA BY MUTI Ide ...;https://i.ytimg.com/vi/b5PMF5CIsp8/mqdefault.jpg;Kuliner|Homecare|Tutorial|Review
VRhyJV4_Y-w;membuat alat sederhana sari barang bekas,tapi alat ink sang at membantu terutama bagi pelaku usaha rumahan,usaha ...;https://i.ytimg.com/vi/VRhyJV4_Y-w/mqdefault.jpg;Homecare
n6CfSEzKU94;IDE PRODUK DI ERA PANDEMIK COVID-19 Di tengah wabah virus, bukan berarti Anda harus berhenti berjualan. Banyak ide-ide ...;https://i.ytimg.com/vi/n6CfSEzKU94/mqdefault.jpg;Kuliner|Homecare|Healthcare
Yr6HsvhE5B0;3,5 JUTA PERHARI!! JUALAN INI AWALNYA DIMULAI TANPA MODAL | IDE USAHA MODAL KECIL 2021 Usaha sukses di awali ...;https://i.ytimg.com/vi/Yr6HsvhE5B0/mqdefault.jpg;Kuliner|Tutorial
nmQlUXXbIzk;Tetap Berpikir positif, Berpikir Optimis, Tetap Semangat, Anda Pasti Bisa, silakan menyimak video ini, semoga bermanfaat.;https://i.ytimg.com/vi/nmQlUXXbIzk/mqdefault.jpg;Kuliner|Homecare|Healthcare|Tutorial
7gfmMNkUYnU;9 ide bisnis kecil terbaik untuk pemula di tahun 2022. Mulailah bisnis kecil dengan investasi modal berbiaya rendah di tahun ...;https://i.ytimg.com/vi/7gfmMNkUYnU/mqdefault.jpg;Kuliner|Homecare|Healthcare|Tutorial
zcNfFN8FG3U;BreakdownKuliner CIKI KEBUL! Karena banyak pro dan kontranya tentang pemakaian Nitrogen cair yang katanya berbahaya ini ...;https://i.ytimg.com/vi/zcNfFN8FG3U/mqdefault.jpg;Kuliner|Review
7Eyk44OqqPw;berbagi ilmu ada banyak jalan mencari rezeki, tujuan akhir adalah kematangan ekonomi, selama mau bergerak dan berusaha ...;https://i.ytimg.com/vi/7Eyk44OqqPw/mqdefault.jpg;Homecare|Tutorial|Ecommerce|Marketing
G-bjn-eJE4g;No more buntu-buntu! Cari ide konten dengan lebih mudah lewat metode yang aku jelasin disini. Pssst, metodenya bisa dipake ...;https://i.ytimg.com/vi/G-bjn-eJE4g/mqdefault.jpg;Tutorial|Ecommerce|Marketing
Ko2Cbg2W0uI;TAHUN 2022, TINGGAL BEBERAPA HARI LAGI Belum punya ide berbisnis..simak video diatas.;https://i.ytimg.com/vi/Ko2Cbg2W0uI/mqdefault.jpg;Kuliner|Homecare|Healthcare
RQOahKiMleg;Kabar baik dari anak Indonesia! Berikut adalah beberapa inovasi terbaik anak Indonesia di bidang kesehatan.;https://i.ytimg.com/vi/RQOahKiMleg/mqdefault.jpg;Healthcare|Review
wams0YdFAqY;untungnya lumayan lo . membuat sarung bantal dan mudah banget cara membuatnya . semoga vidio ini bisa memberikan solusi ...;https://i.ytimg.com/vi/wams0YdFAqY/mqdefault.jpg;Homecare|Tutorial
qGcDfZ9ZvIw;Treepod dari Investree kembali lagi, kali ini kami ngobrol dengan salah satu borrower kami yang bergerak dalam bidang ...;https://i.ytimg.com/vi/qGcDfZ9ZvIw/mqdefault.jpg;Healthcare
vzC9x2dNgKw;6 Jenis Ide Bisnis Wirausaha Tak Akan Habis Oleh Zaman, Bisa Ratusan Juta Perbulan di dunia ini banyak bisnis atau pekerjaan ...;https://i.ytimg.com/vi/vzC9x2dNgKw/mqdefault.jpg;Kuliner|Homecare|Healthcare|Tutorial
IN4AVSbz1nw;JURNAL 19, one of the top programs by BINUS TV, presents a variety of information that exists around us. This news program ...;https://i.ytimg.com/vi/IN4AVSbz1nw/mqdefault.jpg;Healthcare
XW2j9xSEL9M;Assalamuallaikum Wr. Wb. Hallo selamat datang di channel AYUKK KULINER. Disini saya akan membagikan resep-resep yang ...,;https://i.ytimg.com/vi/XW2j9xSEL9M/mqdefault.jpg;Kuliner|Tutorial
vNL8u282VGE;Assalamuallaikum Wr. Wb. Hallo selamat datang di channel AYUKK KULINER. Disini saya akan membagikan resep-resep yang ...,;https://i.ytimg.com/vi/vNL8u282VGE/mqdefault.jpg;Kuliner|Tutorial
VMM7MMe7eAY;Peluang usaha di desa 2022, Yuk ikuti usaha saya sebulan 5-6 juta bisa di kantongi, resep nya sudah saya bagikan daripada ...;https://i.ytimg.com/vi/VMM7MMe7eAY/mqdefault.jpg;Kuliner|Tutorial
PvGS3fXxSyM;Hallo semua! Selamat datang kembali di Channelku Phonix megawati. Di video kali ini aku mau sharing ke kalian step by stepnya ...;https://i.ytimg.com/vi/PvGS3fXxSyM/mqdefault.jpg;Homecare|Tutorial|Review
7dkbuxRSSK4;Menurut Numerologist tahun 2022 ini serba berpasangan, namanya juga baru saja keluar dari pandemi. Itu pun belum tuntas ...;https://i.ytimg.com/vi/7dkbuxRSSK4/mqdefault.jpg;Tutorial
Xxe0_2Hj0YA;Assalamuallaikum Wr. Wb. Hallo selamat datang di channel AYUKK KULINER. Disini saya akan membagikan resep-resep yang ...,;https://i.ytimg.com/vi/Xxe0_2Hj0YA/mqdefault.jpg;Tutorial|Marketing
vh24YTccouI;Ada banyak sekali peluang bisnis ditahun 2022 yang mudah untuk dikembangkan, hal tersebut bisa diwujudkan jika kamu ...;https://i.ytimg.com/vi/vh24YTccouI/mqdefault.jpg;Ecommerce|Marketing
AoHXdzV-ewk;Assalamuallaikum Wr. Wb. Hallo selamat datang di channel AYUKK KULINER. Disini saya akan membagikan resep-resep yang ...,;https://i.ytimg.com/vi/AoHXdzV-ewk/mqdefault.jpg;Kuliner|Tutorial
tCptK755QEo;2 Kasus terkait bisnis kotor di tengah pandemic Covid-19 terjadi di Medan, Sumut, yakni tes antigen bekas dan jual beli vaksin ...;https://i.ytimg.com/vi/tCptK755QEo/mqdefault.jpg;Ecommerce|Marketing
NnKrqmC2dXI;Sedang mencari ide barang yang cepat laku dijual online? Dewasa ini, memulai bisnis online memang tidak sesulit yang ...;https://i.ytimg.com/vi/NnKrqmC2dXI/mqdefault.jpg;Ecommerce|Marketing
6I0Y3a844YU;Pada video kali ini, kami menghadirkan 10 pekerjaan yang kami pantau sangat menjanjikan dalam 5 tahun ke depan. Pekerjaan ...;https://i.ytimg.com/vi/6I0Y3a844YU/mqdefault.jpg;Tutorial
1tO9h2az9P8;CERDAS!! CUMA MODAL ALAT DI PUTER.. KENTANG SPIRAL KEKINIAN INI LARIS MANIS | IDE USAHA IDE JUALAN Nama ...;https://i.ytimg.com/vi/1tO9h2az9P8/mqdefault.jpg;Kuliner|Tutorial|Marketing|Review
Ihw9zXR6Xjk;Hai temen-temen ! Divideo kali ini gua ingin kasitau kalian 3 produk yang bisa memberikan kalian Profit / Cuan / Margin Besar loh ...;https://i.ytimg.com/vi/Ihw9zXR6Xjk/mqdefault.jpg;Ecommerce
